label,x,y
0,64.6601941748,90.8446601942
1,63.5382603009,66.1281883584
2,61.0009505703,47.4230038023
3,64.0679094541,76.2516644474
4,63.0081788441,56.8505997819
