label,x,y
0,62.9981837995,57.7075917181
1,64.8153409091,94.0170454545
2,63.5653775322,67.0939226519
3,61.4558998808,48.0077473182
4,64.0034572169,78.2739844425
