label,x,y
0,63.5366475462,66.1038878266
1,61.109430605,47.6014234875
2,64.66875,90.790625
3,64.0789133247,76.275549806
4,63.0059556037,56.9480238224
