label,western_classic,western_feminine,western_contemporary,western_boho,indo_western,indian_traditional,indian_classic,indian_contemporary,indian_funky
0,3.04509884679,3.35420098847,2.78144233937,3.01400329489,3.25241268534,2.74662273476,2.18590280066,2.58952718287,2.37990115321
1,2.26888020833,2.20225694444,1.77604166667,1.86458333333,2.64322916667,2.29548611111,2.04779600694,2.25753993056,2.00017361111
2,2.35676796974,3.67609331652,2.79425220681,2.92575662043,1.71500630517,1.61560529634,1.94426229508,1.82572509458,1.81134930643
3,1.37066666667,1.31866666667,1.10266666667,1.18,1.42533333333,1.37241066667,1.921244,1.83546666667,1.70573333333
4,2.80518400688,2.49748151333,1.6698194325,1.9260533104,1.93551160791,1.77848237317,2.78245915735,2.95872742906,2.88822012038
5,2.10619441675,3.87751046859,2.77710269192,2.92071485543,1.90029910269,2.09720837488,2.81405782652,3.15503489531,2.94715852443
6,3.50553927492,3.70090634441,3.28836858006,3.35668429003,3.60574018127,3.58912386707,3.37972054381,3.6586102719,3.64803625378
7,2.512392755,2.4754528122,1.92167111535,1.94375595806,3.11439466158,3.18112488084,2.88465204957,3.3012392755,3.21258341277
8,1.44718965517,1.51445233266,1.21044624746,1.1979137931,1.9759969574,2.19979716024,2.62043610548,3.02028397566,2.89046653144
